{
  "module_advancedmarketplace": "Advanced Marketplace",
  "module_advancedmarketplaces": "Advanced Marketplace",
  "translate_module_advancedmarketplaces": "Advanced Marketplace",
  "menu_advancedmarketplace": "Adv.Marketplace",
  "setting_advancedmarketplace_view_time_stamp": "<title>Marketplace View Time Stamp<\/title><info>Marketplace View Time Stamp<\/info>",
  "user_setting_can_post_comment_on_listing": "Can post a comment on advanced marketplace listing?",
  "user_setting_can_edit_own_listing": "Can edit own advanced marketplace listing?",
  "user_setting_can_edit_other_listing": "Can edit advanced marketplace listings added by other users?",
  "menu_add_new_listing": "Add New Listing",
  "user_setting_can_delete_own_listing": "Can delete own advanced marketplace listing?",
  "user_setting_can_delete_other_listings": "Can delete advanced marketplace listings added by other users?",
  "admin_menu_add_category": "Add Category",
  "admin_menu_manage_categories": "Manage Categories",
  "user_setting_max_upload_size_listing": "Max file size for photos upload in kilobits (kb).\r\n(1000 kb = 1 mb)\r\nFor unlimited add \"0\" without quotes.",
  "setting_total_listing_more_from": "<title>Total \"More From\" Listings to Display<\/title><info>Define how many listings to display within the \"More From\" block when viewing a listing.<\/info>",
  "user_setting_can_feature_listings": "Can feature listings?",
  "user_setting_listing_approve": "Enable if listings should be approved first before they are displayed publicly.",
  "user_setting_can_approve_listings": "Can approve advanced marketplace listings?",
  "categories": "Categories",
  "sub_categories": "Sub-Categories",
  "browse_filter": "Browse Filter",
  "price": "Price",
  "free": "Free",
  "invites": "Invites",
  "visited": "Visited",
  "not_responded": "Not Responded",
  "more_from": "More From",
  "view_more": "View More",
  "advancedmarketplace_listings": "Marketplace Listings",
  "category_successfully_updated": "Category successfully updated.",
  "category_successfully_added": "Category successfully added.",
  "edit_a_category": "Edit a Category",
  "create_a_new_category": "Create a New Category",
  "category_order_successfully_updated": "Category order successfully updated.",
  "category_successfully_deleted": "Category successfully deleted.",
  "manage_categories": "Manage Categories",
  "provide_a_name_for_this_listing": "Provide a name for this listing.",
  "provide_a_location_for_this_listing": "Provide a location for this listing.",
  "listing_successfully_updated": "Listing successfully updated.",
  "successfully_uploaded_images_for_this_listing": "Successfully uploaded images for this listing.",
  "successfully_invited_users_for_this_listing": "Successfully invited users for this listing.",
  "successfully_updated_this_listing": "Successfully updated this listing.",
  "listing_successfully_added": "Listing successfully added.",
  "edit_a_advancedmarketplace_listing": "Edit a Marketplace Listing",
  "edit_a_listing": "Edit a Listing",
  "create_a_advancedmarketplace_listing": "Create a Marketplace Listing",
  "create_a_listing": "Create a Listing",
  "advanced_advancedmarketplace": "Marketplace",
  "listing_successfully_deleted": "Listing successfully deleted.",
  "date_added": "Date Added",
  "name": "Name",
  "recent_listings": "Recent Listings",
  "my_listings": "My Listings",
  "featured": "Featured",
  "invitations": "Invitations",
  "pending": "Pending",
  "the_listing_you_are_looking_for_either_does_not_exist_or_has_been_removed": "The listing you are looking for either does not exist or has been removed.",
  "select": "Select",
  "select_a_sub_category": "Select a Sub-Category",
  "provide_a_category_name": "Provide a category name.",
  "invalid_callback_on_advancedmarketplace_listing": "Invalid callback on advanced marketplace listing.",
  "user_name_left_you_a_comment_on_site_title": "{user_name} left you a comment on {site_title}.",
  "user_name_left_you_a_comment_on_your_advancedmarketplace_listing": "{user_name} left you a comment on your Marketplace listing.\r\n\r\nTo view this comment, follow the link below:\r\n<a href=\"{link}\">{link}<\/a>",
  "a_href_user_link_full_name_a_added_a_new_comment_on_their_own_a_href_title_link_listin": "<a href=\"{user_link}\">{full_name}<\/a> added a new comment on their own <a href=\"{title_link}\">listing<\/a>.",
  "a_href_user_link_full_name_a_added_a_new_comment_on_your_a_href_title_link_listing_a": "<a href=\"{user_link}\">{full_name}<\/a> added a new comment on your <a href=\"{title_link}\">listing<\/a>.",
  "a_href_user_link_full_name_a_added_a_new_comment_on_a_href_item_user_link_item_user_n": "<a href=\"{user_link}\">{full_name}<\/a> added a new comment on <a href=\"{item_user_link}\">{item_user_name}'s<\/a> <a href=\"{title_link}\">listing<\/a>.",
  "a_href_user_link_owner_full_name_a_added_a_new_listing_a_href_title_link_title_a": "<a href=\"{user_link}\">{owner_full_name}<\/a> added a new listing \"<a href=\"{title_link}\">{title}<\/a>\".",
  "your_listing_title_has_been_approved": "Your listing \"{title}\" has been approved.",
  "listings": "Listings",
  "user_link_invited_you_to_a_advancedmarketplace_listing": "{user_link} invited you to a advanced marketplace listing.",
  "no_listing_invites": "No listing invites.",
  "advancedmarketplace_invites": "Marketplace Invites",
  "advancedmarketplace_text": "Marketplace Text",
  "full_name_invited_you_to_view_the_advancedmarketplace_listing_title": "{full_name} invited you to view the advanced marketplace listing \"{title}\".\r\n\r\nTo check out this listing, follow the link below:\r\n<a href=\"{link}\">{link}<\/a>\"",
  "full_name_added_the_following_personal_message": "{full_name} added the following personal message",
  "full_name_invited_you_to_view_the_listing_title": "{full_name} invited you to view the listing \"{title}\".",
  "unable_to_find_the_listing_you_want_to_delete": "Unable to find the listing you want to delete.",
  "you_do_not_have_sufficient_permission_to_delete_this_listing": "You do not have sufficient permission to delete this listing.",
  "you_do_not_have_sufficient_permission_to_modify_this_listing": "You do not have sufficient permission to modify this listing.",
  "unable_to_find_the_listing_you_want_to_approve": "Unable to find the listing you want to approve.",
  "your_listing_has_been_approved_on_site_title": "Your listing has been approved on {site_title}.",
  "your_listing_has_been_approved_on_site_title_message": "Your listing has been approved on {site_title}.\r\n\r\nTo view this listing, follow the link below:\r\n<a href=\"{link}\">{link}<\/a>",
  "provide_a_category_this_listing_will_belong_to": "Provide a category this listing will belong to.",
  "are_you_sure_this_will_delete_all_listings_that_belong_to_this_category_and_cannot_be_undone": "Are you sure? This will delete all listings that belong to this category and cannot be undone.",
  "posted_on_time_stamp": "Posted on {time_stamp}.",
  "the_file_size_limit_is_file_size_if_your_upload_does_not_work_try_uploading_a_smaller_picture": "The file size limit is {file_size}. If your upload does not work, try uploading a smaller picture.",
  "click_here_to_approve_listings": "Click here to approve listings.",
  "posted_time_samp_in_country_iso": "Posted {time_samp} in {country_iso}.",
  "posted_time_stamp_by_user_info_in_country_iso": "Posted {time_stamp} by {user_info}.",
  "this_song_has_been_added_to_your_profile": "This song has been added to your profile.",
  "this_song_has_been_removed_from_your_profile": "This song has been removed from your profile.",
  "basic_info": "Basic Info",
  "keywords": "Keywords",
  "location": "Location",
  "city": "City",
  "zip_postal_code": "Zip\/Postal Code",
  "sort": "Sort",
  "submit": "Submit",
  "reset": "Reset",
  "photos": "Photos",
  "summary": "Summary",
  "posted_on": "Posted On",
  "posted_by": "Posted By",
  "user_rating": "User Rating",
  "user_activity": "User Activity",
  "no_visits": "No visits.",
  "no_results": "No results.",
  "edit_listing": "Edit Listing",
  "manage_photos": "Manage Photos",
  "send_invitations": "Send Invitations",
  "manage_invites": "Manage Invites",
  "contact": "Contact",
  "report_this_listing": "Report this Listing",
  "report": "Report",
  "delete_listing": "Delete Listing",
  "delete_this_image_for_the_listing": "Delete this image for the listing.",
  "are_you_sure": "Are you sure?",
  "click_to_set_as_default_image": "Click to set as default image.",
  "no_listings_added_yet": "No listings added yet.",
  "add_a_listing": "Add a Listing",
  "advancedmarketplace_category_details": "Marketplace Category Details",
  "parent_category": "Parent Category",
  "edit": "Edit",
  "delete": "Delete",
  "update_order": "Update Order",
  "view_this_listing": "View This Listing",
  "skip_amp_view_this_listing": "Skip &amp; View This Listing",
  "listing_details": "Listing Details",
  "invite": "Invite",
  "title": "Title",
  "short_description": "Short Description",
  "full_description": "Full Description",
  "usd": "USD",
  "select_image_s": "Select Image(s)",
  "you_can_upload_a_jpg_gif_or_png_file": "You can upload a JPG, GIF or PNG file.",
  "upload": "Upload",
  "invite_friends": "Invite Friends",
  "invite_people_via_email": "Invite People via Email",
  "separate_multiple_emails_with_a_comma": "Separate multiple emails with a comma.",
  "add_a_personal_message": "Add a Personal Message",
  "new_guest_list": "New Guest List",
  "unable_to_find_what_you_are_looking_for": "Unable to find what you are looking for.",
  "no_listings_have_been_added": "No listings have been added.",
  "be_the_first_to_add_a_listing": "Be the first to add a listing.",
  "there_is_one_listing_that_is_pending_approval": "There is one listing that is pending approval.",
  "there_are_total_listings_that_are_pending_approval": "There are {total} listings that are pending approval.",
  "approve_this_listing": "Approve this listing.",
  "approve": "Approve",
  "feature_this_listing": "Feature this listing.",
  "feature": "Feature",
  "un_feature_this_listing": "Un-Feature this listing.",
  "unfeature": "Unfeature",
  "listing_is_pending_approval": "Listing is pending approval.",
  "successfully_deleted_listing": "Successfully deleted listing.",
  "rating": "Review",
  "category": "Category",
  "update": "Update",
  "cancel": "Cancel",
  "you_have_not_added_any_listings_yet": "You have not added any listings yet.",
  "no_listings_have_been_featured": "No listings have been featured.",
  "you_have_not_received_any_invites": "You have not received any invites.",
  "no_listings_pending_approval": "No listings pending approval.",
  "this_category_name_cannot_be_used_due_to_that_there_is_already_another_category_with_the_same_name_being_used": "This category name cannot be used due to that there is already another category with the same name being used.",
  "user_setting_can_access_advancedmarketplace": "Can browse and view listings?",
  "user_setting_can_create_listing": "Can create a listing?",
  "a_href_user_link_full_name_a_likes_your_a_href_link_listing_a": "<a href=\"{user_link}\">{full_name}<\/a> likes your <a href=\"{link}\">listing<\/a>.",
  "a_href_user_link_full_name_a_likes_their_own_a_href_link_listing_a": "<a href=\"{user_link}\">{full_name}<\/a> likes {gender} own <a href=\"{link}\">listing<\/a>.",
  "a_href_user_link_full_name_a_likes_a_href_view_user_link_view_full_name_a_s_a_href_link_listing_a": "<a href=\"{user_link}\">{full_name}<\/a> likes <a href=\"{view_user_link}\">{view_full_name}<\/a>'s <a href=\"{link}\">listing<\/a>.",
  "sponsored_listing": "Sponsored Listings",
  "setting_how_many_sponsored_listings": "<title>How Many Sponsored Listings To Show<\/title><info>This setting tells how many sponsored listings will be shown on the sponsor block. Default is 5.<\/info>",
  "user_setting_can_sponsor_listing": "Can members of this user group mark a listing in the advancedmarketplace as sponsor?",
  "sponsor_this_listing": "Sponsor",
  "unsponsor_this_listing": "Unsponsor",
  "listing_successfully_sponsored": "Listing successfully sponsored",
  "listing_successfully_un_sponsored": "Listing successfully unsponsored",
  "encourage_sponsor_listing": "Sponsor your listings",
  "sponsor_help": "To sponsor a listing please click on \"Sponsor\" next to the item",
  "user_setting_can_purchase_sponsor": "Can members of this user group purchase a sponsored ad space?",
  "user_setting_advancedmarketplace_sponsor_price": "How much is the sponsor space worth for advancedmarketplace listings?\r\nThis works in a CPM basis.",
  "sponsor_error_not_found": "The listing you are trying to sponsor cannot be found.",
  "advancedmarketplace_sponsor_title": "Marketplace Listing: {sListingTitle}",
  "sponsor_paypal_message": "Payment for the sponsor space of advanced marketplace listing: {sListingTitle}",
  "user_setting_auto_publish_sponsored_listing": "After the user has purchased a sponsored space, should the listing be published right away?\r\nIf set to false, the admin will have to approve each new purchased sponsored listing space before it is shown in the site.",
  "buy_it_now": "Buy It Now",
  "enable_instant_payment": "Enable Instant Payment",
  "user_setting_can_sell_items_on_advancedmarketplace": "Can sell items on the advancedmarketplace?",
  "unable_to_find_the_listing_you_are_looking_for": "Unable to find the listing you are looking for.",
  "sold": "Sold",
  "this_listing_has_already_been_marked_as_sold": "This listing has already been marked as \"sold\".",
  "notice_this_listing_is_marked_as_sold": "Notice: This listing is marked as \"Sold\".",
  "auto_sold": "Auto-Sold",
  "if_you_enable_this_option_buyers_can_make_a_payment_to_one_of_the_payment_gateways_you_have_on_file_with_us_to_manage_your_payment_gateways_go_a_href_link_here_a": "If you enable this option, buyers can make a payment to one of the payment gateways you have on file with us.<br>To manage your payment gateways go <a href=\"{link}\">here<\/a>.",
  "if_this_is_enabled_and_once_a_successful_purchase_of_this_item_is_made": "If this is enabled and once a successful purchase of this item is made it will automatically close this item and mark it as \"Sold\".",
  "closed_item_sold": "Closed (Item Sold)",
  "enable_this_option_if_this_item_is_sold_and_this_listing_should_be_closed": "Enable this option if this item is \"sold\" and this listing should be closed.",
  "unable_to_purchase_this_item": "Unable to purchase this item.",
  "review_and_confirm_purchase": "Review and Confirm Purchase",
  "item_you_re_buying": "Item you're buying",
  "by_clicking_on_the_button_below_you_commit_to_buy_this_item_from_the_seller": "By clicking on the button below, you commit to buy this item from the seller.",
  "commit_to_buy": "Commit to Buy",
  "payment_methods": "Payment Methods",
  "item_sold_title": "Item Sold: {title}",
  "full_name_has_purchased_an_item_of_yours_on_site_name": "{full_name} has purchased one of your items on {site_name}.\r\n\r\nItem Name: {title}\r\nItem Link: <a href=\"{link}\">{link}<\/a>\r\nUsers Name: {full_name}\r\nUsers Profile: <a href=\"{user_link}\">{user_link}<\/a>\r\nPrice: {price}",
  "full_name_has_purchased_one_of_your_items_item_name": "<b>{full_name}</b> has purchased one of your items <b>{item_name}</b>",
  "purchased_by": "Purchased by",
  "you_haven_t_made_any_purchases_yet": "You haven't made any purchases yet.",
  "you_haven_t_sold_any_items_yet": "You haven't sold any items yet.",
  "purchased": "Purchased",
  "you_do_not_have_any_invoices": "You do not have any invoices.",
  "id": "ID",
  "status": "Status",
  "date": "Date",
  "pay_now": "Pay Now",
  "advancedmarketplace_invoices": "Marketplace Invoices",
  "invoices": "Invoices",
  "paid": "Paid",
  "cancelled": "Cancelled",
  "pending_payment": "Pending Payment",
  "user_setting_can_sponsor_advancedmarketplace": "Can sponsor an advanced marketplace listing?",
  "user_setting_flood_control_advancedmarketplace": "How many minutes should a user wait before they can create another advancedmarketplace listing?\r\n\r\nNote: Setting it to \"0\" (without quotes) is default and users will not have to wait.",
  "you_are_creating_a_listing_a_little_too_soon": "You are creating a listing a little too soon.",
  "user_setting_points_advancedmarketplace": "How many activity points should the user get when adding a new listing?",
  "listing_successfully_featured": "Listing successfully featured",
  "listing_successfully_un_featured": "Listing successfully un-featured",
  "un_feature": "Un-Feature",
  "listing_has_been_approved": "Listing has been approved.",
  "listing_approved": "Listing Approved",
  "search_listings": "Search Listings...",
  "latest": "Latest",
  "most_viewed": "Most Viewed",
  "most_liked": "Most Liked",
  "most_discussed": "Most Discussed",
  "anywhere": "Anywhere",
  "all_listings": "All Listings",
  "listing_invites": "Listing Invites",
  "friends_listings": "Friends' Listings",
  "pending_listings": "Pending Listings",
  "full_name_s_listings": "{full_name}'s Listings",
  "no_advancedmarketplace_listings_found": "No marketplace listings found.",
  "pending_approval": "Pending Approval",
  "sponsored": "Sponsored",
  "actions": "Actions",
  "see_more": "See More",
  "what_are_you_selling": "What are you selling?",
  "description": "Description",
  "add_city_zip": "Add city\/zip",
  "listing_privacy": "Listing Privacy",
  "control_who_can_see_this_listing": "Control who can see this listing.",
  "comment_privacy": "Comment Privacy",
  "control_who_can_comment_on_this_listing": "Control who can comment on this listing.",
  "successfully_uploaded_images": "Successfully uploaded images.",
  "successfully_invited_users": "Successfully invited users.",
  "editing_listing": "Editing Listing",
  "align_left": "Align Left",
  "report_this_listing_lowercase": "Report this listing",
  "full_name_liked_your_listing_title": "{full_name} liked your listing \"{title}\"",
  "full_name_liked_your_listing_message": "{full_name} liked your listing \"<a href=\"{link}\">{title}<\/a>\"\r\nTo view this listing follow the link below:\r\n<a href=\"{link}\">{link}<\/a>",
  "loading": "Loading...",
  "close": "Close",
  "more_from_seller": "More From Seller",
  "users_wants_you_to_check_out_the_listing_title": "{users} wants you to check out the listing \"{title}\"",
  "contact_seller": "Contact Seller",
  "advancedmarketplace_full_name_commented_on_your_listing_title": "{full_name} commented on your listing \"{title}\".",
  "featured_listings": "Featured Listings",
  "posted_a_comment_on_gender_listing_a_href_link_title_a": "posted a comment on {gender} listing <a href=\"{link}\">{title}<\/a>",
  "posted_a_comment_on_user_name_s_listing_a_href_link_title_a": "posted a comment on {user_name}'s listing \"<a href=\"{link}\"> {title} <\/a>\"",
  "advancedmarketplace_full_name_commented_on_your_listing_a_href_link_title_a_to_see_the_comment": "{full_name} commented on your listing \"<a href=\"{link}\">{title}<\/a>\". To see the comment thread, follow the link below: <a href=\"{link}\"> {link} <\/a>",
  "full_name_commented_on_gender_listing": "{full_name} commented on {gender} listing.",
  "full_name_commented_on_other_full_name_s_listing": "{full_name} commented on {other_full_name}'s listing.",
  "full_name_commented_on_gender_listing_a_href_link_title_a_to_see_the_comment_thread_follow_the_link_below_a_href_link_link_a": "{full_name} commented on {gender} listing \"<a href=\"{link}\">{title}<\/a>\". \r\nTo see the comment thread, follow the link below:\r\n<a href=\"{link}\">{link}<\/a>",
  "full_name_commented_on_other_full_name": "{full_name} commented on {other_full_name}'s listing \"<a href=\"{link}\">{title}<\/a>\".\r\nTo see the comment thread, follow the link below:\r\n<a href=\"{link}\">{link}<\/a>",
  "a_href_link_on_name_s_listing_a": "<a href=\"{link}\">On {name}'s listing.<\/a>",
  "user_name_liked_gender_own_listing_title": "{user_name} liked {gender} own listing \"{title}\"",
  "user_names_liked_your_listing_title": "{user_names} liked your listing \"{title}\"",
  "user_names_liked_span_class_drop_data_user_full_name_s_span_listing_title": "{user_names} liked <span class=\"drop_data_user\">{full_name}'s<\/span> listing \"{title}\"",
  "user_names_commented_on_gender_listing_title": "{user_names} commented on {gender} listing \"{title}\"",
  "user_names_commented_on_your_listing_title": "{user_names} commented on your listing \"{title}\"",
  "user_names_commented_on_span_class_drop_data_user_full_name_s_span_listing_title": "{user_names} commented on <span class=\"drop_data_user\">{full_name}'s<\/span> listing \"{title}\"",
  "listing_s_successfully_approved": "Listing(s) successfully approved.",
  "listing_s_successfully_deleted": "Listing(s) successfully deleted.",
  "listing_s_successfully_featured": "Listing(s) successfully featured.",
  "listing_s_successfully_un_featured": "Listing(s) successfully un-featured.",
  "user_setting_total_photo_upload_limit": "Control how many photos a user can upload to a advancedmarketplace listing each time.",
  "advancedmarketplace": "Advanced Marketplace",
  "rate_this_listing": "Rate this listing",
  "review": "Review",
  "thank_for_your_rating": "Thank for your review",
  "select_file": "Select file",
  "admin_menu_today_listing": "Today Listings",
  "save_changes": "Save Changes",
  "today_listings": "Today Listings",
  "today_listing_added_successfully": "Today listing is added successfully!",
  "listing_name": "Listing Name",
  "most_view_listing": "Most Viewed",
  "most_reviewed_listing": "Most Reviewed",
  "recent_listing": "Recent Listings",
  "recent_view_listing": "Recent Viewed",
  "listing_you_may_interested": "You May interest",
  "listing_detail": "Listing Detail",
  "listing_information": "Listing Information",
  "added_information": "Added Information",
  "over_view": "Overview",
  "owner": "Owner",
  "follow": "Follow",
  "tag": "Tag",
  "updated": "Updated",
  "admin_menu_manage_listings": "Manage Listings",
  "owner_name": "Owner Name",
  "delete_selected": "Delete Selected",
  "feature_selected": "Feature selected",
  "all": "All",
  "approved": "Approved",
  "user_setting_can_view_draft_listings": "Can view a draft?",
  "user_setting_can_delete_user_review": "Can delete a review on listing?",
  "user_setting_can_post_a_review": "Can post a review on listing?",
  "user_setting_can_delete_own_review": "Can delete own reviews?",
  "view_s": "View(s)",
  "user_name_has_created_listing_title": "{users} has created listing \"{title}\".",
  "recent_viewed_listing": "Recent Viewed",
  "feature_listings": "Featured Listings",
  "unfollow": "UnFollow",
  "topics": "Topics",
  "admin_menu_listings_statistics": "Listings Statistics",
  "tags": "Tags",
  "add_new_review": "Add new review",
  "comment": "Comment",
  "default_custom_field_group_name": "Default group name",
  "default_custom_field_option_name": "Default option name",
  "text_line": "Text Line",
  "combo_box": "Selection (combo-box)",
  "select_radio": "Selection (Radio-button)",
  "select_checkbox": "Selection (checkbox)",
  "sponsored_selected": "Sponsored Selected",
  "default_custom_field_name": "Default custom field name",
  "posted_date": "Posted Date",
  "admin_menu_manage_custom_fields": "Manage Custom Fields",
  "user_setting_delete_other_reviews": "Can delete reviews added by the others?",
  "afield_is_required": "{afield} is required.",
  "from_date": "From Date",
  "to_date": "To Date",
  "listing_filter": "Listing Filter",
  "no_listings_have_been_created": "No listings have been created.",
  "featured_selected": "Featured Selected",
  "last_updated": "Updated",
  "user_name_has_created_listing_on_site_title": "{user_name} has created listing on {site_title}.",
  "user_name_has_created_listing_on_site_title_message": "{user_name} has created a listing on {site_title}. \r\n\r\nTo view this listing, follow the link below: \r\n<a href=\"{link}\">{link}<\/a>",
  "no_listings_found": "No listings found.",
  "total_closed_listings": "Total Closed Listings",
  "total_listings": "Total Listings",
  "listing_statistics": "Listing Statistics",
  "total_available_listings": "Total Available Listings",
  "total_draft_listings": "Total Draft Listings",
  "total_approved_listings": "Total Approved Listings",
  "total_featured_listings": "Total Featured Listings",
  "total_sponsored_listings": "Total Sponsored Listings",
  "total_view": "Total View",
  "no_reviews_found": "No reviews found",
  "most_reviewed": "Most Reviewed",
  "recent_viewed": "Recent Viewed",
  "nreview_review_s": "{nreview} Review(s)",
  "set_as_today_listing": "Set as today listing",
  "opened": "Opened",
  "unapproved": "Unapproved",
  "closed": "Closed",
  "is_require": "Is require",
  "add_custom_field": "Add custom field",
  "move_up": "move up",
  "move_down": "move down",
  "field_name": "Field name",
  "field_type": "Field type",
  "select_type": "Select type...",
  "add_an_option": "Add an option...",
  "is_required": "Is required",
  "switch_off": "switch off",
  "switch_on": "switch on",
  "option": "Option",
  "you_have_reviewed_this_listing_before": "You have reviewed this listing before",
  "you_can_reviewed_your_own_listing": "You can reviewed your own listing",
  "you_can_not_post_a_review": "You can not post a review",
  "please_hold_while_your_files_are_being_proccessed": "Please hold while your files are being processed.",
  "rate": "Rate",
  "all_custom_field_has_been_saved_successfully": "All custom fields have been saved successfully!",
  "manage_listings": "Manage Listings",
  "yes": "Yes",
  "no": "No",
  "draft_info": "[DRAFT]",
  "manage": "Manage",
  "total_reviews": "Total Reviews",
  "total_reviewed_listings": "Total Reviewed Listings",
  "is_draft": "Is Draft",
  "draft": "Draft",
  "user_setting_can_delete_other_reviews": "Can delete reviews added by the others?",
  "setting_can_follow_listings": "<title>Can users follow listings<\/title><info>Can users follow listings<\/info>",
  "user_setting_marketplace_sponsor_price": "How much is the sponsor space worth for advanced marketplace listings?\r\nThis works in a CPM basis.",
  "review_s": "Review(s)",
  "can_not_be_empty": "can not be empty",
  "advancedmarketplace_listing": "Advancedmarketplace Listing",
  "add_a_group": "Add new group",
  "manage_custom_fields": "Manage Custom Fields",
  "this_review_is_from": "This review is from:",
  "by": "By",
  "cannot_add_rating_to_a_review_created_without_a_rating": "Cannot add rating to a review created without a rating",
  "search.advancedmarketplace_listing": "Search.advancedmarketplace Listing",
  "sponsor_selected": "Sponsor Selected",
  "user_name_tagged_you_in_a_comment_in_a_listing": "{user_name} tagged you in a comment in a listing",
  "admin_menu_migration": "Migration",
  "migration": "Migration",
  "user_name_tagged_you_in_a_listing": "{user_name} tagged you in a listing",
  "migration_notice": "This tool is used to migrate listings from default Marketplace of phpFox to Advanced Marketplace. <br\/>\r\nNotice:<br\/>\r\n- Migrated listings will be moved to Other Category in Advanced Marketplace.<br\/>\r\n- Admin uses this tool only one time.",
  "country": "Country",
  "refresh_map": "Refresh Map",
  "location_venue": "Location Venue",
  "address": "Address",
  "view_this_on_google_maps": "View this on Google Maps",
  "google_map": "Google Map",
  "radius": "Radius",
  "miles": "miles",
  "km": "km",
  "show": "Show",
  "when": "When",
  "street": "Street",
  "number_per_page": "{number} per page",
  "search_filter": "Search Filter",
  "admin_menu_settings": "Location Setting",
  "listing": "Listing",
  "location_setting": "Location Setting",
  "migration_succeed": "Migration succeed!",
  "publishers_advancedmarketplace": "Advanced Marketplace",
  "item_phrase": "listing",
  "listing_expired_and_not_available_main_section": "This listing has expired and is no longer available from the main marketplace section.",
  "expired": "Expired",
  "user_setting_can_view_expired": "If you have enabled listings to expire this setting can still display them for this specific user group. This is intended for site administrators.",
  "listing_expiring_subject": "Your listing \"{title}\" is soon to expire.",
  "listing_expiring_message": "Your listing <a href=\"{link}\">\"{title}\"<\/a> at {site_name} will expire in {days} days.",
  "save_as_draft": "Save as Draft",
  "publish": "Publish",
  "login_to_buy": "Login to Buy",
  "created_a_listing": "created a listing.",
  "setting_advmarketplace_meta_description": "<title>Advanced MarketPlace Meta Description<\/title><info>Meta description added to pages related to the Advanced MarketPlace module.<\/info>",
  "setting_advmarketplace_meta_keywords": "<title>Advanced MarketPlace Meta Keywords<\/title><info>Meta keywords that will be displayed on sections related to the Advanced MarketPlace module.<\/info>",
  "un_feature_selected": "Un-feature Selected",
  "setting_google_api_key_location": "<title>Google API Key<\/title><info>Please refer to this guide to get Google API Key: https:\/\/developers.google.com\/places\/web-service\/get-api-key<\/info>",
  "you_can_not_delete_this_category_because_there_are_many_items_related_to_it": "You can not delete this category because there are many items related to it",
  "default_location": "Default Location",
  "advancedmarketplace_block_featured_limit_info": "Featured Listings Limit",
  "advancedmarketplace_block_featured_limit_description": "Define the limit of how many featured listings can be displayed in this block.<br>0 means doesn't show this block.",
  "advancedmarketplace_limit_must_greater_or_equal_0": "\"{var_name}\" must greater or equal 0.",
  "advancedmarketplace_block_interested_limit_info": "Interested Listings Limit",
  "advancedmarketplace_block_interested_limit_description": "Define the limit of how many interested listings can be displayed in this block.<br>0 means doesn't show this block.",
  "advancedmarketplace_block_invite_limit_info": "Users Invites Limit",
  "advancedmarketplace_block_invite_limit_description": "Define the limit of how many users can be displayed in this block.<br>0 means doesn't show this block.",
  "advancedmarketplace_block_slideshow_limit_info": "Slideshow Listings Limit",
  "advancedmarketplace_block_slideshow_limit_description": "Define the limit of how many listings can be displayed in slideshow.<br>0 means doesn't show this block.",
  "advancedmarketplace_block_morefromseller_limit_info": "More From Listings Limit",
  "advancedmarketplace_block_morefromseller_limit_description": "Define the limit of how many listings can be displayed in this block.<br>0 means doesn't show this block.",
  "advancedmarketplace_block_mostreviewedlisting_limit_info": "Most Reviewed Listings Limit",
  "advancedmarketplace_block_mostreviewedlisting_limit_description": "Define the limit of how many listings can be displayed in Most Reviewed block.<br>0 means doesn't show this block.",
  "advancedmarketplace_block_mostviewlisting_limit_info": "Most Viewed Listings Limit",
  "advancedmarketplace_block_mostviewlisting_limit_description": "Define the limit of how many listings can be displayed in Most Viewed block.<br>0 means doesn't show this block.",
  "advancedmarketplace_block_listing_limit_info": "Listings Limit",
  "advancedmarketplace_block_listing_limit_description": "Define the limit of how many listings can be displayed in this block.<br>0 means doesn't show this block.",
  "get_directions": "Get Directions",
  "rate_this_product": "Rate This Product",
  "write_your_review": "Write your review",
  "no_reviews_for_this_product_yet_be_the_first_to_review": "No reviews for this product yet. Be the first to review?",
  "you_havent_reviewed_this_product_yet_do_it_now": "You haven't reviewed this product yet. Do it now?",
  "views": "views",
  "one_view": "1 view",
  "seller": "Seller",
  "buy_now": "Buy Now",
  "reviews": "REVIEWS",
  "locations": "LOCATION",
  "descriptions": "DESCRIPTION",
  "enter_location": "Enter location",
  "city_name": "City name",
  "search_result": "Search Result",
  "setting_advancedmarketplace_paging_mode": "<title>Pagination Style<\/title><info>Select Pagination Style at Search Page.<\/info>",
  "you_have_total_pending_listings": "You have {total} pending listings",
  "controller_advancedmarketplace.all": "Adv. Marketplace All",
  "controller_advancedmarketplace.detail": "Adv. Marketplace Detail",
  "controller_advancedmarketplace.index": "Adv. Marketplace Home",
  "controller_advancedmarketplace.mylisting": "Adv. Marketplace My",
  "controller_advancedmarketplace.search": "Adv. Marketplace Search",
  "controller_advancedmarketplace.view": "Adv. Marketplace View",
  "controller_advancedmarketplace.invoice": "Adv. Marketplace Invoice",
  "admin_menu_user_group_settings": "User Group Settings",
  "choose_day_to_set_as_today_listing": "Please choose day to set today listing.",
  "P_AdvMarketplace": "Advanced Marketplace",
  "shop_now": "Shop Now",
  "advancedmarketplace_adding_to_wishlist_successfully": "Adding to wishlist successfully.",
  "advancedmarketplace_removing_to_wishlist_successfully": "Removing from wishlist successfully.",
  "sponsored_listings": "Sponsored Listings",
  "latest_listings": "Latest Listings",
  "most_viewed_listings": "Most Viewed Listings",
  "most_liked_listings": "Most Liked Listings",
  "most_discussed_listings": "Most Discussed Listings",
  "most_reviewed_listings": "Most Reviewed Listings",
  "based_on_listings_that_have_the_same_category": "Based on listings that have the same category",
  "based_on_listings_that_have_the_same_tag": "Based on listings that have the same tag",
  "advancedmarketplace_submit_review": "Submit Review",
  "advancedmarketplace_write_your_review_here": "Write your review here (optional)",
  "advancedmarketplace_you_need_to_rate_before_submitting_your_review": "You need to rate before submitting your review !!!",
  "advancedmarketplace_your_review_on": "Your review on {time}",
  "advancedmarketplace_you_can_not_review_listing_because_of_denied_permission": "You can not review listing because of denied permission.",
  "advancedmarketplace_you_can_not_delete_this_review_because_of_denied_permission": "You can not delete this review because of denied permission.",
  "advancedmarketplace_published": "Published",
  "advancedmarketplace_view_on_maps": "View on Maps",
  "advancedmarketplace_product_information": "PRODUCT INFORMATION",
  "advancedmarketplace_add_to_wishlist": "Add to Wishlist",
  "advancedmarketplace_remove_from_wishlist": "Remove from Wishlist",
  "advancedmarketplace_my_wishlist": "My Wishlist",
  "allowed_file_type_jpg_gif_or_png": "Allowed file types: JPG, GIF or PNG.",
  "the_file_size_limit_is_file_size_kb": "The file size limit is {file_size} kb.",
  "we_suggest_uploading_square_photo_for_best_display_result": "We suggest uploading square photo for best display result.",
  "instant_payment": "Instant Payment",
  "set_expiry_date": "Set Expiry Date",
  "separate_tags_by_commas": "Separate tags by commas",
  "add_location_detail": "Add location detail",
  "featured_photo_is_required": "Featured photo is required.",
  "advancedmarketplace_purchase_review_and_confirmation_replacement": "Purchase Review and Confirmation",
  "advancedmarketplace_listing_not_found": "Listing not found.",
  "advancedmarketplace_you_can_not_buy_this_listing": "You can not purchase this listing.",
  "advancedmarketplace_you_can_not_purchase_yourself": "You can not purchase yourself.",
  "advancedmarketplace_available_payment_gateways": "Available Payment Gateways",
  "advancedmarketplace_you_do_not_have_enough_activity_points_to_purchase_this_listing": "You do not have enough activity points to purchase this listing.",
  "advancedmarketplace_this_listing_only_accept_payment_via_paypal": "This listing only accept payment via PayPal.",
  "advancedmarketplace_proceed_to_checkout": "Proceed to Checkout",
  "advancedmarketplace_leave_this_section_blank_if_your_product_is_free_to_buy": "Leave this section blank if your product is free to buy",
  "advancedmarketplace_invalid_invoice": "The invoice is invalid.",
  "advancedmarketplace_your_current_activity_points": "Your current activity points",
  "advancedmarketplace_payment_cost": "Payment cost",
  "advancedmarketplace_remaining_points": "Remaining points",
  "advancedmarketplace_purchase_confirmation": "Purchase Confirmation",
  "advancedmarketplace_embed_code": "Embed Code",
  "advancedmarketplace_search_listing_by_name_dot": "Search listing by name...",
  "advancedmarketplace_purchase_date": "Purchase Date",
  "advancedmarketplace_pending": "Pending",
  "create_new_listing": "Create New Listing",
  "advancedmarketplace_purchaser": "Purchaser",
  "advancedmarketplace_seller_management": "Seller's Management",
  "listing_info": "Listing Info",
  "finish_photo_uploading": "Finish photo uploading",
  "publish_and_proceed": "Publish and Proceed",
  "skip_all": "Skip All",
  "advancedmarketplace_display_view_more_link_desc": "Support only statistics data source such as Most Viewed/Most Liked/MostDiscussed/ Latest Listings and Featured Listings",
  "it_looks_like_you_havent_upload_any_photo_yet": "It looks like you haven't uploaded any photo yet! Are you sure to finish and move to the next step?",
  "it_looks_like_you_havent_invited_any_people_yet": "It looks like you haven't invited any people yet! Are you sure to finish creating this listing without sending any invitations?",
  "recent_viewed_listings": "Recently Viewed Listings",
  "more_from_this_seller": "More From This Seller",
  "who_can_share_advancedmarketplace": "Who can share advanced listing?",
  "who_can_view_advancedmarketplace": "Who can view advanced listings?",
  "top_categories": "Top Categories",
  "advancedmarketplace_listings_lower_case": "listings",
  "view_on_maps": "View on Maps",
  "low_high_price": "Low to high price",
  "high_low_price": "High to low price",
  "low_high_rating": "Low to high rating",
  "high_low_rating": "High to low rating",
  "advancedmarketplace_published_on": "Published on",
  "advancedmarketplace_updated_on": "Updated on",
  "advmarketplace_display_update_date": "Allow displaying Updated Date of the listings",
  "advancedmarketplace_comments_lowercase": "comments",
  "advancedmarketplace_comment_lowercase": "comment",
  "advancedmarketplace_views_lowercase": "views",
  "advancedmarketplace_view_lowercase": "view",
  "advancedmarketplace_likes_lowercase": "likes",
  "advancedmarketplace_like_lowercase": "like",
  "your_listing_is_created_successfully": "Your listing is created successfully",
  "product_information": "Product Information",
  "insert_product_brand_model_etc": "Insert product brands, models, etc...",
  "insert_your_product_detail_here": "Insert your product detail here",
  "maximum_200_characters": "Maximum 200 characters",
  "make_sure_your_listings_in_a_published_version_before_sending_any_invitations_to_your_friends": "Make sure your listing's in a published version before sending any invitations to your friends.",
  "your_listing_is_created_as_a_draft_successfully": "Your listing is created as a draft successfully.",
  "advancedmarketplace_wish_list_upper_case_first_letter_replacement": "Wishlist",
  "advancedmarketplace_review": "review",
  "advancedmarketplace_reviews": "reviews",
  "wish_list_replacement" : "Wishlist",
  "no_ratings": "No ratings",
  "be_the_first_to_review":"Be the first to review",
  "added_to_wish_list_replacement" : "Added to Wishlist",
  "cancel_uc" : "Cancel",
  "tips" : "Tips",
  "photo_tips" : "Should upload multiple, original photos showing the item and its condition clearly",
  "payment_method_is_required" : "Payment method is required",
  "invited" : "Invited",
  "back_to_manage" : "Back to manage",
  "upload_new_photos" : "Upload new photos",
  "send_invites" : "Send invites",
  "advancedmarketplace_this_listing_is_not_available_at_this_moment_please_contact_seller_for_more_information" : "This listing is not available at this moment, please contact seller for more information!",
  "url_name_exceeds_twenty_characters" : "URL name exceeds 20 characters",
  "unable_to_edit_this_listing" : "Unable to edit this listing",
  "adv_listings" : "Advanced Listings",
  "advancedmarketplace_displayed_date" : "Displayed Date",
  "advancedmarketplace_no_of_displayed_times" : "No.of Displayed times",
  "today_listing" : "Today Listing",
  "advancedmarketplace_you_already_purchased_this_product" : "You already purchased this product.",
  "advancedmarketplace_this_item_has_been_sold" : "This item has been sold.",
  "advancedmarketplace_your_rate" : "Your Rate",
  "advancedmarketplace_this_item_has_been_expired" : "This item has been expired.",
  "advancedmarketplace_listings_replacement" : "Adv.Marketplace Listings",
  "same_tag_listings": "Same Tag Listings",
  "top_sellers": "Top Sellers",
  "advancedmarketplace_un_sponsor" : "Un-Sponsor",
  "cache_time": "Cache Time",
  "invalid_url_name": "Invalid URL name."
}